{"v1": [15.25, 19.95, 20.8, 20.45, 21.4, 22.45, 21.55, 21.15, 21.55, 21.35, 20.9, 21.85, 20.75, 21.25, 22.1, 22.3, 22.2, 22.4, 22.4, 21.75, 21.7, 21.0, 20.9, 21.7, 21.25, 21.35, 21.65, 21.65, 21.7, 21.7, 20.45, 20.65, 21.1, 22.5, 21.2, 20.85, 22.3, 22.5, 21.75, 22.65, 22.05, 21.95, 21.75, 21.8, 21.7, 22.45, 21.6, 21.9, 21.4, 22.1, 22.2, 22.55, 21.4, 21.1, 20.7, 21.25, 21.45, 21.7, 21.15, 21.1, 21.35, 21.15, 21.65, 21.4, 20.95, 22.0, 21.3, 20.8, 20.1, 21.25, 22.55, 22.1, 22.4, 21.95, 21.15, 21.5, 21.5, 21.7, 21.75, 21.85, 21.7, 21.55, 21.75, 21.1, 21.85, 22.05, 21.4, 21.9, 21.3, 20.8, 21.5, 21.4, 22.25, 21.75, 22.2, 21.85, 21.7, 21.55, 21.6, 21.3], "v2": [0.30800000000000005, 0.162, 0.31300000000000006, 0.322, 0.322, 0.322, 0.313, 0.323, 0.322, 0.31300000000000006, 0.327, 0.316, 0.331, 0.32800000000000007, 0.324, 0.329, 0.328, 0.3320000000000001, 0.31300000000000006, 0.324, 0.32100000000000006, 0.313, 0.32700000000000007, 0.322, 0.309, 0.32100000000000006, 0.32500000000000007, 0.32199999999999995, 0.32, 0.31600000000000006, 0.32300000000000006, 0.32900000000000007, 0.32500000000000007, 0.305, 0.326, 0.3360000000000001, 0.32400000000000007, 0.318, 0.3350000000000001, 0.318, 0.31700000000000006, 0.323, 0.32300000000000006, 0.32500000000000007, 0.322, 0.31800000000000006, 0.3350000000000001, 0.31500000000000006, 0.3330000000000001, 0.327, 0.31900000000000006, 0.31300000000000006, 0.32100000000000006, 0.31700000000000006, 0.32100000000000006, 0.32500000000000007, 0.316, 0.31200000000000006, 0.31600000000000006, 0.32100000000000006, 0.324, 0.325, 0.31100000000000005, 0.32100000000000006, 0.327, 0.31100000000000005, 0.30500000000000005, 0.324, 0.32900000000000007, 0.332, 0.32900000000000007, 0.327, 0.318, 0.318, 0.318, 0.321, 0.317, 0.3330000000000001, 0.31300000000000006, 0.329, 0.31700000000000006, 0.328, 0.316, 0.326, 0.314, 0.324, 0.32900000000000007, 0.31100000000000005, 0.32000000000000006, 0.33100000000000007, 0.32700000000000007, 0.324, 0.322, 0.32300000000000006, 0.322, 0.32100000000000006, 0.32800000000000007, 0.31900000000000006, 0.325, 0.322]}